GPA,SAT,Age,Gender_Male,Gender_Female,Race_Asian,Race_Black,Race_Hispanic,Race_White,Race_Other,ExtracurricularScore,EssayScore,RecommendationScore,InterviewScore,LegacyStatus,FirstGeneration,FinancialAid,Admitted
3.9,945,21,0,1,1,0,0,0,0,7,6,8,5,0,0,1,1
2.4,1150,19,0,1,0,0,0,1,0,8,7,8,6,0,0,2,0
3.45,1133,17,0,1,1,0,0,0,0,5,5,5,8,0,1,0,1
2.12,1149,18,0,1,0,0,1,0,0,3,9,4,5,0,0,1,0
3.55,1234,18,1,0,0,0,0,1,0,9,9,10,9,0,0,2,1
3.69,1364,19,0,1,0,0,0,0,1,5,6,8,5,0,0,3,1
3.75,1171,19,0,1,0,1,0,0,0,8,6,6,5,0,1,1,1
3.12,1096,18,0,1,0,0,0,1,0,7,6,7,6,0,0,0,1
3.99,1031,18,0,1,0,0,0,1,0,3,6,6,3,1,1,0,1
4.0,1129,19,1,0,0,1,0,0,0,9,5,7,2,1,1,1,1
3.04,916,17,0,1,1,0,0,0,0,5,1,5,6,0,0,1,0
2.97,1091,17,1,0,0,1,0,0,0,7,10,8,6,0,1,2,0
3.27,1386,18,0,1,0,0,0,0,1,6,7,7,7,0,0,2,1
2.96,1076,17,0,1,0,0,0,0,1,10,6,7,6,0,0,1,1
2.89,1294,17,0,1,1,0,0,0,0,9,7,5,10,0,0,1,1
2.93,1016,19,0,1,1,0,0,0,0,3,6,8,7,0,0,1,0
4.0,1465,22,1,0,0,1,0,0,0,10,6,5,4,0,0,0,1
3.59,1475,18,0,1,0,0,1,0,0,5,4,5,4,1,0,0,1
2.96,1288,17,0,1,0,0,0,0,1,10,3,7,7,0,0,1,1
2.0,1498,17,1,0,0,0,0,0,1,6,4,10,6,0,0,0,0
2.43,1253,17,0,1,1,0,0,0,0,6,4,7,4,0,0,0,0
3.45,1315,17,1,0,1,0,0,0,0,6,8,1,6,0,1,0,1
2.14,1389,21,1,0,0,0,0,0,1,6,8,5,6,0,0,0,0
3.35,1226,17,0,1,0,0,0,0,1,10,5,8,10,0,0,0,1
2.67,967,18,1,0,0,0,1,0,0,6,1,4,5,0,0,1,0
3.25,1318,17,1,0,1,0,0,0,0,6,7,8,6,1,0,1,1
3.23,1129,20,1,0,1,0,0,0,0,7,6,7,10,0,0,1,1
3.26,1140,19,0,1,0,0,1,0,0,5,6,8,7,1,0,1,1
3.0,1244,22,0,1,0,0,0,0,1,10,8,5,5,0,0,3,1
2.99,1284,19,0,1,0,0,1,0,0,4,7,5,5,1,0,0,1
2.84,1222,18,1,0,0,1,0,0,0,5,5,8,4,0,1,1,0
3.44,1295,17,1,0,0,0,0,0,1,8,4,6,7,0,1,0,1
3.6,1093,18,0,1,0,0,1,0,0,7,6,6,9,0,0,1,1
2.59,1193,18,1,0,0,1,0,0,0,8,5,10,10,0,1,3,0
3.17,1327,18,1,0,0,0,0,0,1,10,6,8,4,0,0,2,1
3.3,1465,17,1,0,0,0,0,0,1,9,9,3,8,0,0,1,1
3.29,1518,17,0,1,0,1,0,0,0,7,4,8,7,0,1,1,1
3.28,1264,18,0,1,0,0,1,0,0,10,7,8,6,0,0,1,1
3.0,1326,18,0,1,0,0,0,1,0,5,8,9,6,1,0,0,1
3.34,1497,19,1,0,0,0,0,1,0,6,6,5,3,0,0,1,1
3.51,1099,17,1,0,0,0,1,0,0,6,8,7,8,0,0,1,1
3.27,1294,18,1,0,1,0,0,0,0,6,6,7,4,0,0,0,1
3.45,1315,17,1,0,0,0,0,1,0,4,7,5,5,0,0,0,1
3.7,1417,17,0,1,0,1,0,0,0,3,7,8,7,0,0,2,1
2.27,1029,18,1,0,0,0,1,0,0,7,5,6,3,0,0,0,0
3.67,1059,17,1,0,1,0,0,0,0,5,10,9,4,0,1,0,1
3.37,1203,17,0,1,0,1,0,0,0,10,8,5,9,0,0,1,1
2.64,1256,18,0,1,0,0,1,0,0,6,9,4,7,0,1,0,1
3.6,1368,17,1,0,0,1,0,0,0,6,9,6,5,0,0,2,1
3.0,1277,17,0,1,0,0,0,1,0,9,7,7,7,0,1,1,1
3.07,1177,17,0,1,1,0,0,0,0,7,9,5,8,0,1,2,1
2.95,1262,17,0,1,0,1,0,0,0,6,7,1,9,0,0,0,1
3.35,1245,17,1,0,0,0,1,0,0,5,5,7,4,1,0,2,0
2.81,1461,18,0,1,0,0,1,0,0,10,7,7,4,1,0,2,1
3.65,1224,17,1,0,0,0,1,0,0,7,4,8,8,0,1,0,1
3.13,1142,17,1,0,0,0,0,1,0,9,2,6,8,0,0,0,0
3.02,1267,18,0,1,0,0,1,0,0,4,5,6,4,0,0,2,0
3.58,1229,18,1,0,0,1,0,0,0,5,7,9,5,0,0,0,1
3.04,964,20,1,0,1,0,0,0,0,10,9,3,6,0,1,0,0
3.67,1197,19,0,1,0,1,0,0,0,9,5,6,7,0,0,0,1
3.69,1184,19,1,0,0,1,0,0,0,7,9,7,7,0,0,0,1
2.53,1118,18,1,0,0,0,0,0,1,6,4,8,4,0,0,0,0
3.75,1355,18,0,1,0,0,1,0,0,6,5,7,7,0,1,1,1
2.47,1082,18,1,0,0,0,0,0,1,5,9,5,5,0,0,1,0
3.79,1268,17,0,1,0,0,1,0,0,4,7,9,4,0,0,0,1
4.0,1177,17,0,1,0,0,0,0,1,8,6,7,6,0,0,2,1
3.64,1216,17,0,1,0,0,0,1,0,8,7,3,6,0,0,1,1
2.12,1261,21,0,1,1,0,0,0,0,8,4,7,8,0,1,3,1
3.73,1003,18,1,0,1,0,0,0,0,6,6,7,5,0,0,3,1
4.0,1228,19,0,1,0,0,0,1,0,7,7,10,7,0,0,2,1
3.05,1543,18,1,0,0,0,0,1,0,6,9,7,3,0,1,3,1
3.18,966,18,1,0,0,1,0,0,0,5,3,4,6,0,1,2,0
2.61,1191,17,0,1,0,1,0,0,0,10,10,4,7,0,0,2,1
3.36,1368,17,0,1,1,0,0,0,0,7,6,9,8,0,0,0,1
3.83,1245,19,1,0,0,0,0,1,0,8,4,5,8,0,1,0,1
3.55,1303,18,1,0,0,1,0,0,0,8,4,3,8,0,0,2,1
4.0,843,18,0,1,0,0,1,0,0,7,7,9,6,1,1,1,1
3.22,1289,19,1,0,0,0,0,1,0,7,4,6,7,1,1,2,1
2.38,1085,17,0,1,0,0,0,0,1,4,5,8,10,0,0,2,0
3.29,1246,24,1,0,0,1,0,0,0,5,6,5,6,1,1,0,0
2.0,1195,18,0,1,0,0,0,1,0,5,9,9,9,0,0,2,0
2.93,1541,18,1,0,0,0,1,0,0,8,9,8,8,0,0,0,1
4.0,1282,18,1,0,0,0,1,0,0,7,5,5,6,0,0,0,1
3.36,1183,17,1,0,0,1,0,0,0,5,6,3,6,1,1,1,0
3.29,973,17,1,0,0,0,0,1,0,8,3,10,7,0,0,0,0
4.0,1218,18,0,1,0,0,0,0,1,8,2,6,8,0,0,1,1
3.06,1323,20,0,1,0,0,0,1,0,5,4,5,7,0,1,1,1
3.83,1187,19,0,1,0,0,1,0,0,6,9,9,6,0,0,0,1
3.26,1124,17,0,1,0,0,0,1,0,8,8,8,2,0,0,2,1
3.39,1114,18,1,0,1,0,0,0,0,5,7,9,8,0,1,1,1
2.59,1280,17,1,0,0,0,0,0,1,8,4,6,3,0,1,0,0
2.96,1313,17,1,0,1,0,0,0,0,7,5,10,4,0,1,0,1
2.5,1404,18,0,1,0,0,0,1,0,5,5,4,6,0,1,2,0
3.15,1050,18,1,0,0,0,0,0,1,7,6,5,4,0,0,2,0
3.4,1278,17,0,1,0,0,0,1,0,7,6,7,7,0,0,0,1
2.64,1181,17,1,0,0,1,0,0,0,5,4,9,6,0,0,0,0
4.0,1186,24,0,1,0,1,0,0,0,5,7,8,8,0,0,2,1
3.34,1260,17,1,0,1,0,0,0,0,4,7,6,3,0,0,1,1
3.23,1261,18,1,0,0,1,0,0,0,6,5,6,5,0,1,0,0
3.58,1279,18,0,1,1,0,0,0,0,6,7,9,7,0,0,1,1
2.79,1041,17,0,1,0,0,0,1,0,5,9,8,7,1,0,1,0
3.28,1087,17,1,0,0,0,0,1,0,4,9,5,8,1,0,2,0
2.84,1422,18,0,1,0,0,0,1,0,5,7,5,5,0,0,0,1
3.98,1166,19,1,0,0,0,0,1,0,6,7,5,6,0,0,1,1
2.67,1245,18,0,1,1,0,0,0,0,8,6,5,8,1,0,0,1
3.23,1358,18,0,1,0,1,0,0,0,8,9,9,2,1,0,3,1
3.36,1269,24,0,1,0,0,1,0,0,8,4,7,7,1,0,2,1
3.4,1281,19,0,1,0,0,1,0,0,5,8,8,8,0,1,2,1
2.91,1334,18,1,0,0,0,0,1,0,7,6,7,4,0,1,1,0
2.75,882,18,0,1,1,0,0,0,0,2,9,7,6,0,0,1,0
2.92,1126,18,0,1,0,0,1,0,0,7,8,3,9,0,1,3,1
3.46,1270,18,0,1,0,0,0,1,0,8,6,8,8,0,0,0,1
3.13,1408,18,0,1,0,0,0,1,0,6,6,5,7,0,0,2,1
3.6,1209,18,0,1,0,0,1,0,0,7,8,6,8,0,0,0,1
3.44,1073,17,1,0,0,0,0,1,0,3,7,6,10,0,0,0,0
2.06,1077,18,1,0,0,0,1,0,0,5,6,7,7,0,1,1,0
3.32,1332,17,1,0,0,0,0,1,0,8,7,8,6,0,0,2,1
4.0,1167,17,0,1,0,0,0,1,0,8,8,4,8,0,1,2,1
3.86,1198,17,0,1,0,1,0,0,0,6,4,7,6,0,0,1,1
3.41,1292,18,1,0,0,0,0,0,1,8,8,6,5,0,0,1,1
2.67,800,18,0,1,1,0,0,0,0,7,8,9,5,0,1,3,0
3.44,1500,17,1,0,0,0,1,0,0,5,9,4,7,0,0,0,1
3.57,1090,18,0,1,1,0,0,0,0,6,5,4,6,0,0,2,1
3.07,1236,18,1,0,0,0,0,0,1,6,7,6,6,0,0,1,0
3.36,944,17,1,0,0,1,0,0,0,4,7,5,4,0,0,0,0
3.95,1136,18,0,1,0,0,0,1,0,9,8,6,9,0,0,0,1
2.77,1386,19,0,1,1,0,0,0,0,5,7,5,6,0,0,1,1
2.67,912,19,1,0,0,0,0,0,1,5,4,7,5,1,0,0,0
3.55,1368,18,0,1,1,0,0,0,0,3,7,9,5,0,0,0,1
3.43,1158,18,0,1,0,1,0,0,0,1,10,7,8,0,0,0,1
3.71,1273,17,0,1,0,0,1,0,0,8,8,7,8,0,0,0,1
3.48,1298,17,0,1,0,0,0,0,1,8,10,4,5,0,0,1,1
2.92,1266,17,1,0,1,0,0,0,0,9,9,6,7,0,0,2,1
3.42,1070,23,0,1,0,0,0,0,1,6,9,6,7,1,0,0,1
2.63,1145,17,0,1,0,0,0,0,1,6,7,8,5,0,0,1,0
3.07,980,17,1,0,1,0,0,0,0,5,8,5,3,0,0,0,0
3.45,1273,20,1,0,0,1,0,0,0,6,7,5,8,0,0,1,1
3.02,1455,22,1,0,0,1,0,0,0,9,7,7,5,0,0,2,1
4.0,926,19,1,0,0,0,1,0,0,6,8,10,7,0,0,1,1
2.25,1085,17,1,0,0,1,0,0,0,7,5,6,7,0,0,2,0
2.93,1172,17,1,0,0,0,0,0,1,6,10,7,7,0,0,1,1
2.73,1226,18,1,0,0,1,0,0,0,9,5,8,6,0,0,1,0
2.85,1331,17,0,1,0,1,0,0,0,3,8,8,5,1,0,1,1
2.88,1177,17,1,0,0,0,0,1,0,4,9,8,4,0,0,2,0
2.54,1152,18,0,1,0,0,0,0,1,7,6,6,5,0,0,3,0
3.58,1365,22,0,1,0,0,0,1,0,10,4,6,8,0,0,1,1
2.93,1299,18,0,1,1,0,0,0,0,6,9,5,9,0,1,2,1
3.28,1280,18,1,0,0,1,0,0,0,5,7,7,9,0,0,0,1
2.98,1216,18,0,1,0,0,0,0,1,9,8,7,7,0,1,3,1
2.85,1347,17,1,0,0,1,0,0,0,7,6,8,9,0,1,0,1
4.0,1101,18,0,1,0,0,1,0,0,9,10,6,6,0,0,0,1
3.66,1081,17,1,0,0,0,0,0,1,4,2,8,4,0,0,0,0
2.27,1311,17,0,1,0,0,0,1,0,9,7,9,10,0,0,3,1
2.21,956,19,1,0,0,0,0,1,0,3,9,4,8,0,0,2,0
3.72,1213,17,0,1,0,0,0,0,1,6,7,6,3,0,0,3,1
2.94,1152,25,1,0,0,0,0,0,1,7,7,9,10,1,1,2,1
2.38,989,17,1,0,0,0,0,1,0,7,6,5,5,0,1,1,0
3.72,1060,18,0,1,0,1,0,0,0,9,7,8,5,0,0,3,1
3.28,1183,18,1,0,0,0,1,0,0,3,3,7,9,0,0,3,0
3.33,1355,17,0,1,1,0,0,0,0,7,5,7,9,0,0,1,1
3.6,1102,17,0,1,1,0,0,0,0,9,5,7,4,0,1,0,1
2.55,1382,18,0,1,0,0,1,0,0,7,8,8,9,1,1,1,1
2.38,1209,19,0,1,1,0,0,0,0,4,5,4,8,0,1,3,0
3.99,1396,19,0,1,0,1,0,0,0,9,5,5,5,1,0,2,1
2.48,1109,18,0,1,0,1,0,0,0,5,6,9,6,0,0,2,0
2.59,1192,19,0,1,0,0,0,1,0,5,5,10,10,0,0,3,1
2.69,1255,18,1,0,1,0,0,0,0,5,7,6,3,0,0,2,0
4.0,1173,19,0,1,1,0,0,0,0,6,7,10,9,0,1,2,1
3.45,1342,18,1,0,0,0,0,0,1,7,8,5,8,0,1,2,1
3.68,868,18,1,0,0,0,0,0,1,4,8,5,8,1,0,0,0
3.3,1563,19,1,0,0,0,1,0,0,4,8,9,7,0,0,1,1
2.9,1328,18,1,0,0,0,1,0,0,5,6,8,10,1,0,1,1
3.52,1173,19,1,0,0,1,0,0,0,5,6,10,10,1,1,2,1
2.42,1117,18,0,1,0,1,0,0,0,7,5,7,5,1,0,1,0
2.65,1070,17,1,0,0,0,1,0,0,7,5,4,8,0,0,0,0
3.57,1296,17,1,0,0,0,0,0,1,7,7,7,10,0,0,0,1
2.52,1349,18,1,0,1,0,0,0,0,7,5,9,5,0,0,1,1
3.11,1175,18,1,0,0,0,1,0,0,10,9,6,7,0,1,1,1
3.13,1366,19,0,1,0,1,0,0,0,7,6,6,9,0,0,0,1
2.94,1063,17,0,1,1,0,0,0,0,8,10,7,2,0,0,0,1
2.22,1037,19,1,0,1,0,0,0,0,6,8,5,8,0,0,1,0
2.89,1472,20,0,1,0,0,0,1,0,8,5,7,4,1,0,0,1
2.79,1288,17,1,0,0,0,0,1,0,6,6,7,7,1,0,0,0
3.28,1409,20,0,1,0,1,0,0,0,7,3,6,9,0,0,0,1
3.26,1071,25,0,1,0,0,0,1,0,4,7,8,2,0,0,1,0
3.39,1061,19,1,0,0,0,0,0,1,7,5,8,8,0,1,1,1
2.86,1146,19,1,0,1,0,0,0,0,5,4,6,10,0,0,0,0
3.46,1076,25,1,0,0,0,1,0,0,8,10,6,5,0,0,2,1
2.42,1305,18,0,1,0,0,0,1,0,8,9,6,8,0,0,0,1
2.29,1087,18,0,1,0,1,0,0,0,6,9,5,9,0,0,0,0
2.03,1024,19,0,1,0,0,1,0,0,10,8,3,3,0,0,0,0
2.95,1221,18,0,1,0,0,1,0,0,6,4,6,8,0,1,0,1
2.82,1006,18,0,1,0,0,0,1,0,3,6,5,9,0,0,0,0
3.59,930,17,1,0,0,1,0,0,0,5,6,7,8,1,0,0,0
2.88,1219,19,1,0,0,0,0,0,1,4,3,7,7,0,0,1,0
3.34,937,17,1,0,1,0,0,0,0,7,5,5,4,0,0,1,0
3.61,1316,21,1,0,0,1,0,0,0,4,5,7,9,0,0,1,1
2.86,990,18,1,0,0,0,0,0,1,5,7,5,7,0,0,2,0
3.35,863,17,0,1,0,1,0,0,0,7,10,6,5,0,0,0,0
3.7,1155,18,1,0,0,1,0,0,0,7,6,5,6,0,0,3,1
2.58,1221,17,1,0,0,0,1,0,0,6,7,8,7,0,0,0,0
3.21,1273,18,0,1,0,1,0,0,0,7,6,7,3,0,0,1,1
2.86,1225,21,0,1,1,0,0,0,0,6,8,6,7,0,0,0,1
2.61,1041,19,0,1,0,0,0,0,1,3,4,5,6,0,0,2,0
2.43,1306,17,0,1,0,0,0,1,0,6,10,6,9,0,0,1,1
2.6,1344,17,0,1,0,0,0,0,1,7,6,10,3,0,1,0,1
3.23,1019,19,1,0,0,0,0,0,1,6,6,5,8,0,0,1,0
2.39,1172,21,0,1,0,0,1,0,0,7,8,7,9,0,0,0,0
2.92,1158,18,1,0,0,0,1,0,0,5,5,6,3,1,0,2,0
3.61,1233,18,0,1,0,0,1,0,0,8,8,7,3,0,1,1,1
3.42,1169,18,1,0,1,0,0,0,0,1,9,8,10,1,1,0,1
2.93,1189,20,1,0,0,1,0,0,0,7,6,6,5,0,0,0,0
4.0,1296,18,0,1,0,1,0,0,0,9,10,8,10,1,0,0,1
4.0,1032,17,0,1,1,0,0,0,0,9,8,10,3,0,1,1,1
3.21,1310,17,0,1,0,1,0,0,0,6,8,8,7,0,0,0,1
2.0,1371,20,1,0,0,0,0,0,1,4,9,10,6,1,0,1,0
3.64,1445,17,0,1,0,0,0,1,0,9,10,7,6,0,1,3,1
2.05,878,18,1,0,0,0,1,0,0,6,7,5,7,0,0,0,0
3.94,1172,18,0,1,0,1,0,0,0,6,8,7,8,0,0,3,1
3.74,905,17,0,1,0,1,0,0,0,5,9,6,6,0,1,1,1
4.0,834,17,1,0,0,0,0,0,1,4,4,5,4,0,0,0,0
3.33,1221,19,0,1,0,1,0,0,0,8,3,6,9,0,0,1,1
3.02,1140,20,0,1,1,0,0,0,0,8,6,6,8,1,0,2,1
2.97,1244,19,1,0,0,1,0,0,0,7,3,4,7,0,0,1,0
2.93,1272,20,0,1,0,0,0,0,1,5,6,10,8,1,0,0,1
3.69,1387,18,1,0,0,1,0,0,0,4,7,8,8,1,0,0,1
3.56,1208,19,0,1,0,0,1,0,0,4,6,7,5,0,0,2,1
3.26,1600,18,1,0,0,0,0,0,1,5,6,7,8,0,1,1,1
2.84,1245,18,0,1,0,1,0,0,0,4,4,9,5,0,0,1,0
4.0,1476,24,0,1,0,0,1,0,0,3,8,10,8,0,1,0,1
3.66,850,17,1,0,0,0,0,1,0,8,4,8,6,0,1,2,0
2.4,1402,18,0,1,1,0,0,0,0,4,2,7,8,0,0,3,1
2.94,1172,18,1,0,0,1,0,0,0,8,6,9,6,0,0,0,0
3.67,907,17,0,1,0,0,0,1,0,7,8,7,8,0,1,0,1
2.8,1263,17,1,0,0,0,0,1,0,7,7,7,5,0,0,2,0
3.38,1154,19,1,0,0,0,0,1,0,10,4,9,7,0,0,2,1
3.68,1287,24,1,0,0,0,0,1,0,4,7,6,8,0,0,1,1
2.0,1351,18,0,1,1,0,0,0,0,8,7,2,7,0,1,3,0
3.15,976,17,1,0,0,0,1,0,0,6,7,6,7,0,0,1,0
3.17,1352,17,1,0,0,0,1,0,0,10,6,8,10,1,0,0,1
2.99,1200,20,1,0,1,0,0,0,0,6,7,8,9,0,0,2,1
3.35,1402,18,1,0,0,1,0,0,0,5,3,9,8,0,1,1,1
3.53,1169,18,0,1,0,0,0,1,0,7,5,6,8,0,0,3,1
3.27,1129,18,0,1,0,0,1,0,0,6,4,10,8,1,0,0,1
3.01,1204,18,1,0,0,1,0,0,0,5,9,7,10,0,0,1,1
3.52,1215,18,1,0,0,0,0,1,0,5,8,8,6,0,0,2,1
3.22,1100,20,1,0,0,0,0,0,1,9,7,8,9,1,0,0,1
3.08,1125,18,1,0,0,0,0,1,0,4,4,4,7,0,0,0,0
2.54,1015,18,1,0,0,0,0,0,1,7,8,4,6,0,0,2,0
2.42,1134,18,1,0,1,0,0,0,0,9,9,4,6,0,1,1,0
2.53,1301,19,1,0,0,1,0,0,0,9,8,9,7,1,0,1,1
3.34,1179,18,0,1,0,0,0,0,1,5,6,6,5,0,0,2,1
3.16,1351,17,0,1,1,0,0,0,0,6,8,10,8,0,1,0,1
2.46,1172,18,0,1,0,0,1,0,0,6,7,7,6,0,0,3,0
3.52,985,17,1,0,1,0,0,0,0,3,8,4,7,0,0,2,0
3.89,1289,19,1,0,0,0,0,1,0,8,8,5,9,0,1,1,1
2.9,1098,18,0,1,0,0,0,0,1,7,6,7,7,0,0,1,0
2.33,1164,25,0,1,0,1,0,0,0,9,5,8,10,0,0,3,0
2.85,1385,17,0,1,0,1,0,0,0,5,6,5,5,0,0,0,1
3.63,1025,19,1,0,0,1,0,0,0,9,8,8,4,0,0,0,1
3.47,1224,18,0,1,0,0,1,0,0,9,6,8,6,0,0,0,1
2.74,1193,19,1,0,1,0,0,0,0,7,5,5,1,0,1,0,0
3.96,1305,18,1,0,0,1,0,0,0,2,6,10,8,0,0,1,1
3.87,1328,18,1,0,0,0,1,0,0,5,9,5,4,0,0,3,1
2.83,1239,19,1,0,0,0,1,0,0,10,7,5,5,0,0,2,0
2.83,1145,17,0,1,0,0,0,0,1,7,6,3,8,0,1,0,0
2.9,1271,17,0,1,0,0,0,0,1,8,7,9,7,0,1,1,1
2.95,1400,18,1,0,0,0,0,1,0,6,7,7,6,0,0,1,1
3.68,1195,18,0,1,0,1,0,0,0,6,3,6,2,0,1,0,1
3.41,1159,17,1,0,0,0,0,1,0,3,8,4,9,0,1,2,0
3.64,1258,17,1,0,0,0,0,1,0,8,7,6,8,1,0,2,1
3.54,1205,17,1,0,0,0,0,0,1,9,7,10,10,0,0,2,1
4.0,999,19,0,1,0,1,0,0,0,5,9,2,5,0,0,0,1
2.67,1235,18,1,0,0,1,0,0,0,6,9,5,4,1,1,1,0
3.39,997,19,0,1,0,0,1,0,0,6,8,10,8,0,1,0,1
2.11,1256,24,1,0,0,0,0,1,0,7,5,9,6,0,0,0,0
2.54,1080,18,1,0,0,0,0,0,1,5,5,5,8,0,0,1,0
3.16,1205,17,0,1,1,0,0,0,0,8,9,7,10,0,0,3,1
3.41,1258,17,1,0,1,0,0,0,0,7,3,7,7,0,1,2,1
3.15,1568,17,0,1,1,0,0,0,0,1,6,7,7,0,1,3,1
2.92,1311,22,0,1,0,0,0,0,1,7,7,10,7,0,0,2,1
3.01,1404,18,0,1,1,0,0,0,0,8,3,7,3,0,0,0,1
3.88,1480,17,1,0,0,0,1,0,0,4,7,9,9,0,0,1,1
3.01,1273,18,1,0,0,1,0,0,0,7,8,7,9,1,1,0,1
4.0,1242,18,1,0,0,0,1,0,0,10,4,2,8,0,0,0,1
3.6,1039,18,0,1,0,0,1,0,0,7,10,4,3,0,0,1,1
3.43,1182,17,1,0,1,0,0,0,0,9,4,5,6,0,1,2,1
2.6,1091,24,1,0,0,1,0,0,0,6,8,6,9,0,0,1,0
3.67,1139,18,1,0,0,0,0,1,0,6,6,10,5,0,1,0,1
2.95,1480,17,0,1,0,0,0,1,0,6,7,7,9,0,0,0,1
2.6,1217,20,0,1,0,1,0,0,0,6,4,6,7,0,0,0,0
3.46,1068,17,0,1,0,0,0,0,1,6,9,9,8,0,1,0,1
2.51,1406,21,0,1,0,0,0,1,0,3,7,4,6,0,0,0,0
2.82,1343,25,1,0,0,0,1,0,0,6,10,6,7,0,0,1,1
3.19,1351,19,1,0,1,0,0,0,0,9,4,5,7,1,0,2,1
4.0,899,19,1,0,0,0,1,0,0,5,6,7,4,1,0,1,0
2.86,1492,18,0,1,0,0,0,0,1,4,7,8,7,0,0,1,1
2.97,1116,22,1,0,0,0,0,0,1,7,7,7,1,0,1,0,0
3.57,1316,18,1,0,1,0,0,0,0,7,8,7,5,0,1,3,1
2.58,1578,19,1,0,0,1,0,0,0,7,6,6,8,0,1,0,1
3.42,1523,21,0,1,0,1,0,0,0,6,10,7,9,1,0,2,1
3.8,1053,24,1,0,0,0,0,0,1,7,7,5,7,0,1,3,1
3.05,983,19,1,0,0,0,0,1,0,6,1,8,4,0,1,2,0
3.71,1414,18,1,0,0,0,1,0,0,4,7,5,9,1,0,0,1
3.35,1221,23,0,1,0,0,0,1,0,6,9,4,4,1,0,1,1
2.83,1124,18,0,1,1,0,0,0,0,8,5,7,8,0,0,0,1
3.1,1293,22,1,0,0,0,1,0,0,8,5,3,4,0,1,0,0
3.01,1175,18,0,1,0,1,0,0,0,3,5,9,5,0,0,0,0
3.16,1305,18,0,1,1,0,0,0,0,7,4,8,5,0,1,3,1
3.28,1210,18,0,1,1,0,0,0,0,5,6,7,7,0,0,3,1
3.49,1308,18,0,1,0,1,0,0,0,9,8,3,6,0,1,0,1
3.45,1065,19,0,1,0,0,1,0,0,7,10,5,8,0,0,1,1
2.0,1413,18,0,1,0,0,0,0,1,8,2,7,6,0,0,3,0
3.15,1304,18,0,1,0,1,0,0,0,7,6,6,3,0,0,1,1
2.45,1296,18,1,0,0,0,0,0,1,6,7,3,7,0,0,0,0
3.06,1032,19,1,0,0,0,0,0,1,9,7,4,3,0,1,1,0
3.14,1454,18,1,0,1,0,0,0,0,8,10,6,5,0,1,2,1
3.69,1197,17,1,0,0,0,0,0,1,7,2,4,6,0,0,1,0
3.18,1309,17,0,1,0,0,0,0,1,6,1,9,6,0,0,2,1
3.33,1151,17,1,0,0,0,1,0,0,3,10,7,3,0,0,1,0
3.6,1239,18,1,0,0,0,1,0,0,7,8,5,9,0,0,0,1
3.81,1244,17,1,0,1,0,0,0,0,6,5,9,10,0,0,0,1
3.14,800,17,1,0,0,1,0,0,0,8,7,8,10,0,1,0,0
3.25,1287,22,0,1,0,1,0,0,0,8,7,7,9,0,1,1,1
3.21,1494,20,0,1,0,0,0,1,0,9,5,6,6,0,0,0,1
2.93,1280,18,0,1,0,0,1,0,0,7,7,6,6,0,0,2,1
2.82,1056,24,1,0,0,0,1,0,0,4,7,5,6,0,0,1,0
2.06,1297,17,1,0,0,0,0,0,1,2,10,4,10,0,0,2,0
2.66,1358,18,0,1,0,0,0,0,1,5,8,10,6,0,0,3,1
2.31,1276,18,1,0,1,0,0,0,0,9,10,5,9,1,0,2,1
3.83,1188,18,0,1,0,1,0,0,0,10,4,7,9,0,0,3,1
3.29,1163,18,1,0,0,1,0,0,0,6,6,5,7,0,0,1,0
3.14,1163,18,0,1,0,0,0,1,0,4,7,6,4,0,0,0,0
2.84,1304,18,0,1,0,0,0,1,0,5,3,10,6,0,0,3,1
3.21,988,19,1,0,0,0,0,0,1,9,9,5,7,0,0,2,0
2.78,1144,17,1,0,0,0,0,1,0,5,8,9,9,0,1,2,0
3.29,1439,17,0,1,0,0,1,0,0,8,6,6,7,0,1,1,1
3.32,1445,17,0,1,1,0,0,0,0,7,6,8,4,0,1,1,1
2.77,978,17,0,1,1,0,0,0,0,8,9,9,8,0,0,0,1
2.76,1030,18,0,1,0,0,0,1,0,10,5,7,6,1,0,2,0
3.68,1159,17,1,0,1,0,0,0,0,8,9,6,1,0,0,0,1
3.17,1333,20,1,0,1,0,0,0,0,7,6,6,7,0,0,0,1
2.81,925,17,1,0,0,0,1,0,0,10,8,6,8,0,1,1,0
3.01,1191,17,1,0,1,0,0,0,0,7,7,10,5,0,0,1,1
2.69,1128,18,1,0,0,1,0,0,0,5,10,4,6,0,0,0,0
3.17,1398,17,1,0,0,0,0,1,0,8,5,3,8,0,0,2,1
3.62,948,18,0,1,0,0,1,0,0,7,5,3,7,0,0,2,0
3.19,1213,18,0,1,1,0,0,0,0,6,3,5,3,0,1,1,1
4.0,1140,17,1,0,0,0,0,1,0,5,4,8,9,0,0,1,1
3.41,1420,17,0,1,0,1,0,0,0,6,8,8,10,0,0,3,1
3.31,1289,18,1,0,0,0,0,1,0,5,10,5,5,0,0,0,1
2.75,1112,17,1,0,0,0,0,0,1,6,8,6,3,0,1,2,0
3.08,1328,17,0,1,0,0,0,1,0,5,6,4,8,1,0,0,1
2.81,1141,17,1,0,0,0,0,1,0,7,5,4,5,0,0,0,0
2.12,1349,17,1,0,0,0,0,0,1,7,8,8,8,0,0,1,0
3.69,1164,18,1,0,0,0,0,1,0,7,5,9,10,0,1,2,1
2.94,1358,18,1,0,0,0,1,0,0,6,4,6,3,0,0,0,0
2.82,1265,18,1,0,0,1,0,0,0,6,6,10,5,0,0,0,0
3.31,1600,17,1,0,0,1,0,0,0,9,2,8,6,0,1,1,1
3.46,1192,17,1,0,1,0,0,0,0,7,4,10,9,1,1,1,1
3.04,1257,20,1,0,0,1,0,0,0,9,10,6,10,0,0,1,1
3.2,1128,18,0,1,1,0,0,0,0,5,3,10,7,0,1,0,1
3.57,1200,20,1,0,0,0,0,1,0,8,4,10,3,0,0,1,1
3.02,800,18,1,0,0,0,0,1,0,5,7,6,6,0,1,0,0
3.35,1269,18,1,0,0,0,1,0,0,5,7,6,5,0,0,0,1
2.37,1401,18,1,0,0,1,0,0,0,6,6,5,8,0,0,1,0
2.58,1259,18,0,1,0,1,0,0,0,6,2,4,7,0,1,1,0
3.5,1002,18,1,0,0,1,0,0,0,6,8,4,4,0,1,0,0
2.55,1079,18,1,0,0,0,0,1,0,9,6,5,5,1,0,0,0
3.32,835,17,0,1,0,0,0,0,1,7,9,7,6,0,1,1,0
3.13,1346,18,1,0,0,1,0,0,0,7,5,5,6,1,0,0,1
3.02,1049,19,0,1,0,0,0,1,0,6,8,7,6,0,1,0,0
2.79,1195,21,1,0,0,1,0,0,0,8,9,7,7,0,0,1,1
3.65,1176,18,1,0,1,0,0,0,0,7,6,6,9,0,0,0,1
4.0,1423,18,1,0,1,0,0,0,0,6,8,6,6,0,0,0,1
3.35,1212,17,0,1,1,0,0,0,0,3,4,5,5,0,0,2,1
3.36,1321,18,1,0,0,0,1,0,0,7,7,6,4,0,0,2,1
2.86,1281,18,1,0,0,0,0,1,0,8,9,5,6,0,0,1,1
2.6,1403,24,0,1,1,0,0,0,0,5,8,7,7,0,0,1,1
3.18,1164,18,0,1,1,0,0,0,0,6,10,5,3,0,1,2,1
2.71,1480,18,1,0,0,1,0,0,0,8,8,4,6,0,0,3,1
2.31,902,18,1,0,0,0,1,0,0,3,6,8,9,0,0,1,0
3.6,1328,19,0,1,0,0,0,1,0,5,10,8,8,0,0,0,1
3.63,1070,18,1,0,1,0,0,0,0,7,10,9,7,0,0,1,1
2.77,1126,18,1,0,0,0,0,1,0,9,3,4,8,0,0,1,0
3.32,1285,25,0,1,0,0,0,0,1,10,5,6,5,0,0,1,1
3.7,1284,17,0,1,0,1,0,0,0,10,4,7,5,0,0,1,1
3.3,1290,20,1,0,0,0,1,0,0,7,8,5,9,0,0,2,1
2.6,992,17,0,1,1,0,0,0,0,6,8,8,8,0,0,1,1
3.08,1417,19,0,1,0,0,0,0,1,8,8,7,5,1,0,0,1
3.86,1064,18,1,0,0,0,1,0,0,5,3,7,3,1,1,0,0
3.32,1084,18,1,0,1,0,0,0,0,5,5,9,5,0,0,1,1
3.47,1295,20,0,1,0,1,0,0,0,6,6,8,8,1,1,0,1
3.37,1156,17,1,0,1,0,0,0,0,6,3,7,5,0,0,0,1
2.77,1246,17,0,1,0,1,0,0,0,7,5,6,7,0,1,0,1
2.89,876,18,1,0,0,0,1,0,0,5,9,6,9,0,0,0,0
3.37,1242,18,1,0,0,1,0,0,0,7,3,4,6,0,0,3,0
3.61,1232,18,1,0,1,0,0,0,0,10,9,3,7,0,1,0,1
3.75,1123,17,0,1,0,0,0,0,1,7,9,7,8,0,0,0,1
2.77,888,17,0,1,0,0,0,1,0,10,6,9,4,1,0,0,0
3.42,1168,17,1,0,0,0,0,1,0,9,5,6,5,0,0,1,1
3.79,1194,17,1,0,0,0,0,1,0,8,8,10,8,0,1,0,1
2.71,1144,18,0,1,0,1,0,0,0,6,5,6,7,0,0,1,0
3.94,924,19,0,1,0,0,1,0,0,9,5,3,7,0,0,0,1
4.0,1439,21,0,1,1,0,0,0,0,6,6,8,7,0,1,1,1
4.0,1104,19,0,1,0,0,1,0,0,6,2,6,8,0,0,2,1
3.32,1166,17,0,1,0,0,1,0,0,7,4,9,7,1,1,0,1
3.32,838,18,1,0,0,0,0,0,1,6,6,4,7,0,0,1,0
3.61,1439,17,1,0,0,0,1,0,0,5,7,7,9,0,1,1,1
3.6,1130,17,0,1,0,1,0,0,0,3,5,5,10,0,0,2,1
3.76,1214,18,0,1,0,0,0,1,0,8,6,7,10,0,0,1,1
3.59,1368,17,0,1,0,0,1,0,0,8,3,8,5,1,0,1,1
3.15,1098,17,0,1,0,0,0,0,1,3,8,8,10,0,0,2,1
3.81,1344,22,1,0,0,0,1,0,0,5,7,7,4,0,0,1,1
2.66,890,18,0,1,0,0,0,1,0,7,7,4,10,0,0,0,0
3.2,1282,18,0,1,1,0,0,0,0,7,7,8,5,0,0,0,1
3.98,1435,17,0,1,1,0,0,0,0,3,7,9,6,0,0,2,1
2.57,1112,17,0,1,1,0,0,0,0,6,6,4,7,0,0,2,0
2.86,1367,20,0,1,0,0,1,0,0,8,9,5,5,0,0,3,1
3.54,1475,17,1,0,0,0,0,1,0,6,7,9,7,0,0,3,1
3.4,1161,18,1,0,0,0,1,0,0,7,6,6,5,0,0,2,0
2.76,1149,17,0,1,0,0,0,1,0,6,6,5,4,0,0,1,0
2.99,1065,18,1,0,0,0,0,1,0,8,6,7,6,0,0,2,0
2.61,1123,17,0,1,0,0,0,0,1,5,6,5,10,0,1,1,0
3.69,1077,19,1,0,0,1,0,0,0,4,7,7,6,1,0,1,1
3.07,1065,19,1,0,0,0,1,0,0,7,5,6,8,0,0,0,0
4.0,1379,19,1,0,0,1,0,0,0,4,5,6,5,0,0,0,1
3.24,1081,17,1,0,0,1,0,0,0,2,8,9,4,0,1,2,0
3.09,1238,19,0,1,0,0,1,0,0,9,6,2,7,0,0,1,1
3.04,1205,18,1,0,0,0,0,0,1,5,8,8,10,0,1,0,1
3.08,1424,18,1,0,0,0,0,1,0,4,7,8,7,0,0,0,1
3.26,1124,18,1,0,0,0,0,0,1,5,5,5,8,0,1,2,0
4.0,1257,17,1,0,1,0,0,0,0,5,8,8,9,0,0,1,1
3.03,1318,17,1,0,0,0,0,0,1,6,9,5,6,0,0,1,1
3.05,1423,19,1,0,0,1,0,0,0,4,7,5,6,1,0,1,1
3.23,1122,17,1,0,0,1,0,0,0,7,8,5,7,0,1,1,0
3.75,1107,18,1,0,0,1,0,0,0,8,6,8,8,0,1,0,1
2.49,1040,18,1,0,0,0,0,0,1,4,8,3,4,1,0,1,0
3.43,1535,20,0,1,0,0,0,1,0,5,5,10,7,0,0,2,1
2.79,1407,23,0,1,0,0,1,0,0,5,7,6,6,0,0,0,1
3.48,1193,20,1,0,0,0,0,1,0,6,10,8,5,0,0,0,1
2.95,1489,17,0,1,1,0,0,0,0,9,8,8,6,0,0,0,1
2.05,1184,17,0,1,0,0,0,1,0,9,6,7,4,0,0,1,0
3.38,1308,18,0,1,0,1,0,0,0,10,6,5,3,0,1,0,1
3.38,1201,17,0,1,1,0,0,0,0,2,6,9,7,0,0,1,1
2.91,1259,17,0,1,1,0,0,0,0,5,8,5,8,0,0,1,1
2.88,1243,18,0,1,0,0,1,0,0,10,7,5,6,0,0,2,1
2.54,1136,18,1,0,0,0,0,1,0,3,5,8,5,0,1,1,0
3.59,1363,25,0,1,0,1,0,0,0,10,5,7,5,0,1,0,1
3.64,1307,17,0,1,1,0,0,0,0,7,7,9,8,0,0,1,1
2.76,1354,17,0,1,0,0,0,1,0,7,7,6,10,0,1,1,1
2.93,1248,17,0,1,0,0,1,0,0,4,7,5,8,0,1,0,1
3.17,1064,21,1,0,0,0,0,0,1,6,8,7,9,0,0,1,0
4.0,1456,19,1,0,0,0,0,0,1,10,10,6,4,0,0,3,1
3.47,1160,19,1,0,0,0,1,0,0,6,4,5,6,0,1,0,0
2.73,1254,21,0,1,0,0,0,0,1,6,8,8,9,0,0,1,1
3.35,1295,18,0,1,0,0,0,0,1,7,7,10,4,0,0,2,1
2.51,1253,18,0,1,0,0,0,1,0,6,3,6,5,0,0,1,0
3.56,1337,18,1,0,0,0,1,0,0,7,9,5,8,0,0,2,1
4.0,1361,18,1,0,0,0,0,1,0,5,7,6,7,0,1,0,1
4.0,1166,18,1,0,0,0,0,0,1,6,8,8,5,0,0,0,1
3.57,1443,18,1,0,0,0,0,1,0,5,3,7,3,0,0,1,1
2.91,1159,22,0,1,1,0,0,0,0,3,6,9,9,0,1,2,1
2.55,1250,24,0,1,0,0,0,1,0,7,4,8,2,0,0,3,0
2.5,1141,19,1,0,0,1,0,0,0,4,10,4,8,0,0,0,0
2.0,1098,19,1,0,0,0,0,0,1,6,9,6,5,1,1,1,0
3.55,1356,18,1,0,0,0,0,1,0,8,5,4,9,0,0,0,1
3.15,1600,17,1,0,0,1,0,0,0,4,3,9,4,0,0,0,1
3.65,1145,17,0,1,0,0,1,0,0,8,7,3,10,0,0,1,1
3.91,1382,18,1,0,0,0,1,0,0,6,9,4,7,0,0,0,1
3.25,1151,19,1,0,0,0,1,0,0,5,3,5,8,0,1,0,0
3.27,1198,17,1,0,1,0,0,0,0,10,5,8,5,0,0,0,1
2.97,1463,21,0,1,0,0,1,0,0,6,4,5,6,0,0,0,1
3.03,1038,17,1,0,0,0,0,1,0,5,8,6,6,0,0,3,0
3.56,999,17,1,0,0,1,0,0,0,5,6,6,10,0,0,2,0
3.11,1186,18,0,1,0,0,1,0,0,8,6,7,7,0,1,0,1
3.04,1299,17,0,1,0,0,0,0,1,5,7,4,8,1,1,2,1
3.19,1269,17,0,1,0,0,0,0,1,8,5,5,8,0,1,1,1
3.64,1254,18,0,1,0,0,0,1,0,6,4,10,8,1,0,2,1
2.85,1205,19,0,1,0,0,0,0,1,9,9,7,4,0,1,0,1
3.17,1317,18,0,1,1,0,0,0,0,4,9,8,10,1,0,1,1
3.32,800,18,1,0,0,0,0,1,0,5,7,7,5,0,1,2,0
3.78,1087,18,1,0,1,0,0,0,0,6,7,6,6,0,1,0,1
3.08,1185,17,1,0,0,0,0,1,0,6,9,7,10,0,0,3,1
2.84,1305,24,0,1,0,0,1,0,0,6,7,8,10,1,0,2,1
2.96,1423,17,1,0,1,0,0,0,0,10,6,8,8,0,0,3,1
3.73,1067,23,1,0,0,1,0,0,0,10,7,6,5,0,0,0,1
4.0,1418,18,1,0,0,1,0,0,0,7,9,8,7,1,1,0,1
2.54,1132,23,1,0,0,0,0,1,0,7,7,2,7,0,0,0,0
2.65,1180,17,1,0,0,0,1,0,0,6,5,8,7,0,0,3,0
3.12,1287,18,0,1,0,0,0,1,0,4,7,6,4,1,0,0,1
3.26,1169,17,0,1,0,1,0,0,0,6,8,8,9,0,1,1,1
3.59,1366,17,0,1,0,1,0,0,0,8,8,5,7,0,0,1,1
2.75,1139,18,1,0,0,0,0,1,0,9,8,4,5,0,0,0,0
2.67,1141,17,1,0,0,0,1,0,0,8,5,7,6,0,0,0,0
3.27,1357,18,1,0,0,0,1,0,0,3,8,3,7,0,0,1,1
3.07,1085,17,1,0,0,1,0,0,0,6,7,6,4,1,0,2,0
3.66,1237,18,1,0,1,0,0,0,0,4,5,5,8,0,1,0,1
3.44,950,19,0,1,0,0,0,0,1,9,8,6,7,0,0,2,1
3.48,1472,18,0,1,0,1,0,0,0,6,6,8,10,0,0,1,1
3.15,1380,18,0,1,0,0,1,0,0,6,3,6,7,0,0,1,1
4.0,1600,18,1,0,0,0,1,0,0,7,4,7,4,0,0,1,1
2.78,1400,19,1,0,0,0,1,0,0,10,6,8,4,0,0,0,1
3.51,1030,18,0,1,0,0,1,0,0,7,8,5,6,0,0,1,1
2.57,1300,18,0,1,0,0,0,1,0,6,5,5,6,0,0,2,0
2.66,1062,23,0,1,0,0,0,1,0,4,6,9,5,0,0,0,0
2.9,1436,19,0,1,0,0,0,0,1,9,4,6,7,0,0,1,1
4.0,1034,18,1,0,0,0,1,0,0,6,8,8,5,0,1,0,1
3.33,1027,18,0,1,0,0,0,0,1,10,10,8,7,0,0,2,1
2.9,958,19,0,1,0,0,0,1,0,9,10,4,5,0,1,1,0
3.39,1126,18,1,0,0,0,0,1,0,6,8,5,8,0,1,1,1
3.22,1096,17,0,1,0,0,1,0,0,4,8,7,6,0,0,0,1
2.95,1010,17,1,0,0,1,0,0,0,7,2,2,9,0,1,3,0
2.5,1498,19,1,0,0,0,0,1,0,5,7,6,8,0,0,0,1
3.92,1279,17,1,0,0,1,0,0,0,7,6,5,7,0,0,1,1
3.3,1261,19,0,1,0,0,1,0,0,9,8,9,6,0,0,1,1
4.0,1438,18,1,0,1,0,0,0,0,3,1,7,3,0,0,2,1
3.67,1238,18,1,0,0,1,0,0,0,7,7,9,9,0,0,0,1
3.48,1087,17,0,1,0,0,0,0,1,8,6,6,5,0,0,2,1
2.98,944,17,1,0,0,0,1,0,0,8,9,6,7,0,0,0,0
2.65,1079,23,1,0,0,0,1,0,0,4,10,6,7,0,0,1,0
3.09,1425,20,0,1,0,0,1,0,0,7,5,5,6,1,0,1,1
2.64,1011,18,0,1,0,0,1,0,0,9,5,10,9,0,0,2,0
3.53,1252,18,1,0,0,0,0,1,0,7,7,8,4,1,0,1,1
4.0,1355,18,1,0,0,1,0,0,0,6,10,4,10,0,0,2,1
3.07,1242,18,0,1,0,0,0,1,0,9,7,10,8,0,0,0,1
3.67,1259,18,0,1,0,0,1,0,0,5,4,6,6,0,0,3,1
2.86,1298,17,1,0,0,0,0,0,1,3,5,7,6,0,1,0,0
3.05,1256,18,0,1,0,0,1,0,0,6,7,8,2,0,1,1,1
2.79,1441,19,1,0,0,0,1,0,0,8,7,3,5,0,0,1,1
2.13,1043,25,0,1,0,0,0,1,0,9,5,5,6,0,1,1,0
3.18,1236,17,1,0,1,0,0,0,0,8,5,10,7,0,0,0,1
3.26,927,19,0,1,1,0,0,0,0,8,5,6,9,0,0,1,1
3.73,888,18,1,0,0,0,1,0,0,9,9,8,10,0,1,0,1
3.6,1187,18,0,1,0,0,0,1,0,6,5,6,7,0,0,0,1
3.6,1281,17,1,0,1,0,0,0,0,6,6,6,7,0,1,0,1
2.71,1444,18,1,0,1,0,0,0,0,9,6,10,6,1,0,1,1
3.43,1562,18,1,0,0,0,0,0,1,4,3,7,3,0,0,0,1
3.99,1397,18,0,1,0,0,0,1,0,7,5,6,5,0,0,0,1
3.39,1309,19,1,0,0,1,0,0,0,5,9,5,6,0,0,0,1
4.0,1223,19,1,0,0,0,1,0,0,9,4,5,8,1,0,0,1
4.0,970,18,1,0,0,0,0,1,0,6,5,9,8,0,0,2,1
3.07,1178,22,1,0,0,0,0,0,1,7,4,8,7,0,1,3,0
2.85,1393,18,1,0,0,1,0,0,0,10,6,4,5,0,0,0,1
2.82,1334,17,1,0,0,1,0,0,0,4,10,7,3,0,0,1,0
2.44,1007,18,0,1,0,0,0,0,1,7,6,6,3,0,0,1,0
2.94,1292,17,0,1,0,0,1,0,0,6,7,7,3,0,1,1,1
3.8,1279,18,0,1,0,0,0,0,1,8,5,5,6,1,0,1,1
2.1,1252,17,0,1,0,0,1,0,0,10,6,9,8,0,0,0,1
2.68,1195,17,1,0,0,1,0,0,0,5,9,6,8,0,1,1,0
3.14,1299,19,1,0,0,0,0,1,0,4,7,7,8,0,0,0,1
2.76,1304,17,1,0,0,1,0,0,0,5,10,5,5,0,0,0,0
2.94,1103,18,0,1,1,0,0,0,0,6,9,5,9,0,1,1,1
2.94,1268,17,1,0,0,0,0,0,1,7,6,10,5,0,1,1,1
3.07,1171,18,0,1,1,0,0,0,0,7,6,10,8,0,0,0,1
2.84,976,18,0,1,0,0,0,1,0,10,10,6,3,0,0,1,0
2.79,1115,19,1,0,0,0,0,0,1,10,7,10,4,0,1,2,0
3.67,965,18,1,0,0,0,1,0,0,9,9,9,10,0,0,2,1
3.72,1347,17,1,0,0,0,1,0,0,10,10,5,6,0,1,1,1
2.51,1253,18,1,0,0,0,0,1,0,8,6,5,5,0,0,1,0
2.0,1146,17,1,0,0,0,0,0,1,9,7,8,9,1,0,1,0
3.73,1413,18,0,1,0,0,1,0,0,8,8,7,9,0,0,0,1
2.59,1210,18,0,1,0,0,0,0,1,8,8,6,6,0,1,0,1
3.31,985,21,0,1,1,0,0,0,0,7,8,8,7,1,1,0,1
2.42,1134,17,1,0,0,1,0,0,0,6,4,4,7,0,0,1,0
3.85,1444,18,1,0,0,0,1,0,0,4,5,7,1,1,1,1,1
4.0,1099,17,0,1,1,0,0,0,0,6,6,4,4,0,0,3,1
3.29,1241,18,1,0,0,1,0,0,0,8,9,4,8,0,0,2,1
3.15,1311,18,1,0,0,0,0,0,1,7,4,5,5,0,1,0,0
3.04,1288,21,0,1,0,0,0,0,1,4,10,7,8,1,1,0,1
3.59,1567,17,1,0,1,0,0,0,0,6,8,5,7,0,1,0,1
3.48,1023,17,1,0,0,0,1,0,0,6,9,4,9,1,1,2,1
3.7,1038,18,0,1,0,0,1,0,0,6,5,7,4,0,0,2,1
2.89,1026,17,1,0,0,0,0,0,1,7,7,9,7,0,0,3,0
3.37,1155,17,1,0,0,0,1,0,0,8,7,8,6,0,1,1,1
2.93,1364,18,0,1,1,0,0,0,0,5,7,10,5,0,0,2,1
2.67,1045,17,1,0,0,1,0,0,0,8,7,9,5,1,0,1,0
3.18,1367,17,1,0,0,0,1,0,0,9,6,6,7,1,0,2,1
2.74,1205,19,1,0,1,0,0,0,0,7,7,8,8,0,0,2,1
3.79,1033,18,0,1,0,0,0,0,1,8,9,6,7,0,1,1,1
2.77,937,17,1,0,0,0,0,1,0,8,4,9,7,0,0,1,0
3.38,970,17,1,0,0,0,0,0,1,4,10,6,6,0,1,2,0
2.9,1100,18,0,1,1,0,0,0,0,9,8,5,6,0,0,1,1
3.34,1174,17,0,1,0,0,0,1,0,5,5,9,5,0,0,0,1
2.94,1401,18,0,1,0,0,1,0,0,5,7,7,5,0,0,0,1
2.57,1319,17,1,0,1,0,0,0,0,7,8,5,8,0,0,1,1
3.44,1074,18,0,1,0,0,0,0,1,2,4,6,8,0,0,1,0
3.08,1261,18,0,1,0,0,0,0,1,7,7,5,4,0,0,0,1
3.34,1447,18,1,0,0,0,0,0,1,8,6,4,5,0,0,0,1
2.99,1481,19,1,0,1,0,0,0,0,3,5,6,5,0,0,0,1
2.54,1152,18,1,0,0,1,0,0,0,9,7,7,6,0,0,1,0
3.74,1343,17,0,1,0,0,0,0,1,5,5,7,3,0,0,0,1
3.57,1408,17,0,1,0,0,0,1,0,7,9,6,5,0,0,0,1
2.92,973,18,0,1,1,0,0,0,0,5,5,9,4,0,0,0,0
3.23,1123,17,0,1,0,0,0,1,0,8,8,2,7,0,1,0,1
3.72,1533,17,1,0,0,0,1,0,0,9,3,7,6,1,0,2,1
2.97,1154,19,1,0,1,0,0,0,0,8,6,6,6,0,1,0,1
3.05,800,18,0,1,0,0,0,1,0,6,7,5,4,0,1,2,0
3.32,1181,18,0,1,0,0,1,0,0,6,6,7,6,0,0,1,1
2.97,1368,18,0,1,0,1,0,0,0,6,6,6,5,0,1,3,1
3.63,1200,18,1,0,0,0,1,0,0,8,5,9,10,0,0,0,1
3.12,1307,17,1,0,0,0,0,1,0,8,8,8,8,0,1,0,1
2.81,1340,19,1,0,0,0,0,0,1,8,8,10,5,0,1,0,1
3.5,1146,17,1,0,0,0,1,0,0,4,6,6,7,0,0,0,0
2.63,1122,19,0,1,0,0,0,0,1,6,4,9,8,0,0,1,0
4.0,1223,19,0,1,0,0,0,1,0,5,10,4,5,0,0,0,1
3.99,1226,19,1,0,0,0,0,0,1,8,5,6,4,0,0,0,1
3.46,1208,18,1,0,0,1,0,0,0,5,4,6,3,1,0,2,0
3.41,1214,17,0,1,0,0,0,0,1,7,2,8,9,0,0,1,1
3.39,1087,18,0,1,0,0,1,0,0,6,7,8,6,0,0,0,1
2.96,1312,18,1,0,0,0,0,0,1,3,6,5,7,0,0,0,0
3.35,1289,18,1,0,1,0,0,0,0,8,9,8,5,1,1,0,1
2.74,999,20,0,1,0,1,0,0,0,6,8,6,4,0,1,3,0
3.45,1141,18,0,1,0,1,0,0,0,9,7,5,4,0,0,2,1
3.63,1213,17,0,1,1,0,0,0,0,3,6,6,4,0,0,2,1
3.01,1119,17,0,1,0,0,0,1,0,6,9,4,8,0,0,3,1
2.9,1295,18,0,1,0,0,1,0,0,6,10,8,9,0,0,1,1
2.59,1189,18,0,1,0,0,0,0,1,7,9,6,7,0,1,0,1
3.93,1225,19,0,1,0,0,0,0,1,4,6,6,3,0,0,1,1
2.94,1139,18,1,0,1,0,0,0,0,8,8,6,7,0,0,2,1
3.1,901,19,0,1,0,0,0,1,0,10,6,10,9,0,1,2,1
3.35,892,20,1,0,0,0,0,1,0,7,4,10,8,0,1,1,0
3.34,1288,19,0,1,0,0,0,0,1,7,5,9,6,0,0,1,1
3.57,1240,17,1,0,0,0,0,0,1,4,6,6,6,0,0,3,1
3.01,1265,19,1,0,0,0,0,0,1,5,7,4,6,0,0,0,0
2.63,1220,17,0,1,0,0,1,0,0,6,10,6,9,0,0,2,1
2.54,1232,17,1,0,0,0,1,0,0,5,5,7,8,0,1,0,0
2.91,1345,18,0,1,0,0,0,0,1,9,9,8,6,0,0,1,1
2.72,1266,18,0,1,0,0,1,0,0,8,6,7,6,0,0,0,1
3.05,1356,17,0,1,0,0,1,0,0,10,2,4,6,0,1,1,1
3.85,1225,17,0,1,0,1,0,0,0,5,5,5,4,0,1,1,1
3.01,1154,17,1,0,0,0,0,1,0,7,9,5,9,0,1,0,1
3.01,1229,21,1,0,0,0,0,0,1,4,7,8,5,0,0,2,0
3.19,1074,17,0,1,0,1,0,0,0,2,7,8,7,0,0,1,0
3.0,1143,17,0,1,1,0,0,0,0,8,9,8,5,0,0,2,1
3.17,1226,18,1,0,0,0,0,1,0,7,4,7,6,0,0,0,0
3.47,1224,18,1,0,0,0,0,1,0,5,4,2,6,0,0,2,0
3.64,1184,21,0,1,0,0,1,0,0,7,2,3,8,1,0,0,1
3.7,991,17,1,0,0,0,0,0,1,5,8,6,6,0,0,0,0
4.0,1295,18,0,1,0,0,0,0,1,6,8,7,4,0,1,0,1
3.48,1325,18,1,0,1,0,0,0,0,6,8,9,7,0,0,1,1
4.0,1446,22,1,0,1,0,0,0,0,5,4,7,5,0,1,2,1
2.81,1266,18,1,0,1,0,0,0,0,5,3,5,10,1,0,0,1
4.0,1200,19,0,1,1,0,0,0,0,5,4,8,6,0,1,0,1
3.01,1048,17,1,0,0,0,0,0,1,7,5,6,5,0,0,2,0
3.06,1423,18,1,0,0,0,0,0,1,1,10,6,10,0,1,1,1
3.14,1237,18,0,1,0,0,0,1,0,6,9,3,8,0,0,2,1
3.09,1229,20,0,1,1,0,0,0,0,4,6,7,5,0,0,0,1
3.24,1161,17,0,1,0,0,0,1,0,4,7,7,5,1,1,2,1
2.91,1152,17,0,1,0,0,0,1,0,5,5,5,7,0,0,0,0
3.61,1303,18,1,0,1,0,0,0,0,6,7,8,7,0,0,3,1
2.92,1046,17,0,1,0,0,0,0,1,6,4,8,8,0,1,1,0
3.53,1443,17,0,1,0,0,1,0,0,4,8,7,5,0,1,1,1
3.96,1411,23,0,1,1,0,0,0,0,8,5,7,8,1,0,0,1
3.02,1146,18,0,1,0,0,1,0,0,5,8,8,2,0,0,0,0
3.6,1070,18,0,1,0,1,0,0,0,5,6,7,6,0,0,0,1
3.48,897,19,0,1,0,1,0,0,0,7,5,5,5,0,0,0,0
4.0,1012,18,0,1,0,1,0,0,0,7,10,6,6,0,1,0,1
2.95,1309,17,1,0,0,1,0,0,0,5,7,8,6,0,0,2,1
3.6,1247,17,0,1,0,1,0,0,0,1,6,2,9,0,0,0,1
2.39,1274,18,1,0,0,1,0,0,0,5,8,5,4,0,1,2,0
2.95,923,18,0,1,0,0,1,0,0,7,4,8,2,0,0,0,0
3.38,1140,18,0,1,0,0,1,0,0,8,9,9,4,0,0,0,1
3.9,1405,17,0,1,0,0,0,0,1,6,6,9,9,0,0,2,1
2.59,1185,18,1,0,0,1,0,0,0,6,8,8,3,0,0,2,0
3.59,1009,21,1,0,1,0,0,0,0,10,3,7,5,0,0,1,1
3.17,1183,19,0,1,1,0,0,0,0,6,6,4,8,0,0,0,1
2.44,1084,19,1,0,1,0,0,0,0,8,7,6,6,0,0,1,0
3.29,1250,19,1,0,0,0,0,1,0,4,9,3,9,0,0,1,1
4.0,1203,18,1,0,1,0,0,0,0,4,8,9,2,0,0,0,1
2.64,1281,19,0,1,0,0,1,0,0,8,6,5,6,0,0,1,1
3.15,1017,17,0,1,0,1,0,0,0,9,7,5,9,0,0,1,1
2.71,1132,18,0,1,0,1,0,0,0,6,9,9,4,1,0,0,1
2.97,1363,18,0,1,0,0,1,0,0,3,6,3,9,0,0,3,1
3.92,996,17,1,0,0,0,0,1,0,6,6,4,6,0,0,2,0
3.06,1049,19,1,0,1,0,0,0,0,7,3,7,7,1,0,0,0
3.9,1229,21,1,0,0,1,0,0,0,7,6,8,9,0,0,1,1
3.75,1243,17,1,0,0,1,0,0,0,5,3,6,7,0,1,0,1
3.02,1126,19,0,1,0,0,0,0,1,6,6,6,5,1,0,2,0
2.95,1158,17,1,0,0,0,1,0,0,5,8,9,8,0,1,1,0
2.75,1279,18,0,1,0,0,0,0,1,4,2,8,5,0,1,0,0
2.73,1327,18,0,1,1,0,0,0,0,8,9,8,7,1,0,0,1
3.38,1039,18,0,1,0,0,1,0,0,7,6,8,4,0,0,0,1
3.19,1254,21,1,0,0,0,0,1,0,6,6,6,7,1,1,1,1
2.89,1426,20,0,1,0,0,1,0,0,5,5,10,9,0,0,2,1
2.43,1182,19,1,0,0,0,1,0,0,6,3,2,6,0,1,0,0
3.25,1038,17,1,0,1,0,0,0,0,7,5,9,9,0,0,0,1
2.97,1031,21,0,1,0,0,0,1,0,10,10,8,10,1,0,0,1
3.1,1175,17,1,0,0,0,1,0,0,8,4,7,6,0,0,0,0
3.35,1355,20,1,0,0,1,0,0,0,5,3,7,8,0,0,0,1
2.0,1193,18,0,1,0,0,0,1,0,5,7,6,7,0,0,1,0
2.43,1228,17,0,1,1,0,0,0,0,5,6,9,7,0,0,1,1
4.0,1050,18,0,1,1,0,0,0,0,6,6,6,8,0,1,3,1
2.95,1347,17,0,1,1,0,0,0,0,5,7,5,6,1,1,3,1
2.0,1028,17,0,1,0,0,0,1,0,7,8,8,5,0,0,1,0
2.48,1124,18,1,0,0,1,0,0,0,1,5,10,3,0,1,2,0
4.0,1294,17,0,1,1,0,0,0,0,8,7,3,6,0,1,3,1
2.85,894,17,1,0,0,0,0,1,0,7,9,10,8,0,1,0,0
3.78,1226,17,1,0,0,0,0,1,0,9,5,4,5,0,0,0,1
3.26,1044,18,1,0,0,0,0,0,1,8,2,5,7,0,1,0,0
2.96,1202,17,0,1,0,0,0,0,1,5,8,4,6,0,0,1,0
3.59,1147,18,0,1,0,0,1,0,0,8,10,7,5,0,0,2,1
2.01,1515,17,0,1,0,0,1,0,0,6,6,4,3,0,1,0,0
2.48,1141,22,0,1,1,0,0,0,0,3,7,4,9,0,0,1,0
2.95,1476,20,0,1,0,1,0,0,0,7,6,5,8,0,0,1,1
2.53,1288,17,1,0,0,0,0,0,1,5,10,7,10,0,1,0,1
2.91,1079,19,1,0,1,0,0,0,0,7,6,7,9,0,0,0,1
3.63,1249,19,1,0,1,0,0,0,0,10,6,9,9,0,1,0,1
3.27,1154,24,0,1,0,0,0,1,0,7,8,9,3,0,1,0,1
3.87,1236,18,0,1,0,0,0,1,0,4,6,9,3,0,0,2,1
3.3,1092,17,0,1,0,0,0,0,1,8,4,6,7,0,0,2,1
3.7,1453,18,0,1,0,0,0,1,0,7,8,3,4,0,1,2,1
3.17,1338,18,1,0,0,0,0,0,1,4,5,3,5,0,0,2,0
2.9,1204,18,1,0,0,0,0,0,1,3,5,9,10,0,1,2,0
3.94,1459,18,1,0,0,0,0,0,1,5,10,8,9,0,1,1,1
2.85,1211,20,1,0,0,1,0,0,0,8,6,5,5,0,0,1,0
3.37,1364,23,1,0,1,0,0,0,0,6,7,4,2,0,0,1,1
3.58,1205,17,0,1,0,1,0,0,0,7,7,4,4,0,1,1,1
3.62,1259,17,0,1,0,0,1,0,0,4,5,7,5,0,0,0,1
2.62,1187,17,1,0,0,0,0,0,1,8,8,7,6,1,0,2,0
3.73,1214,19,0,1,1,0,0,0,0,2,7,9,4,1,1,0,1
2.71,1225,18,1,0,0,0,0,0,1,5,5,6,9,0,1,1,0
3.61,1099,18,0,1,0,0,0,0,1,7,7,6,5,0,0,1,1
3.47,1139,18,1,0,1,0,0,0,0,4,5,9,8,0,0,0,1
3.61,1167,18,1,0,0,0,0,1,0,8,4,2,7,0,0,3,0
2.6,1234,18,1,0,0,0,0,1,0,5,4,7,8,0,1,0,0
3.49,1195,18,1,0,1,0,0,0,0,4,7,6,6,1,1,0,1
3.74,1375,19,1,0,0,1,0,0,0,9,6,8,5,0,1,0,1
3.3,1327,24,1,0,1,0,0,0,0,7,10,8,5,1,0,2,1
2.79,1170,22,1,0,0,0,1,0,0,8,6,5,5,0,1,1,0
3.66,1407,22,1,0,0,0,0,1,0,9,5,5,10,0,1,1,1
3.26,1480,18,1,0,1,0,0,0,0,1,7,2,7,0,0,2,1
2.36,893,18,0,1,0,1,0,0,0,8,4,8,7,1,0,0,0
2.75,1339,19,0,1,0,0,0,1,0,5,6,7,8,0,1,0,1
2.94,1096,21,0,1,0,0,0,1,0,5,7,9,6,0,0,0,0
3.95,1320,17,0,1,0,1,0,0,0,7,7,6,9,0,0,2,1
3.87,1385,18,0,1,1,0,0,0,0,6,9,8,6,0,0,1,1
3.86,1068,17,1,0,1,0,0,0,0,8,10,4,6,0,0,0,1
3.32,922,18,0,1,0,0,1,0,0,6,8,1,5,0,0,0,0
3.66,1325,18,1,0,1,0,0,0,0,7,9,6,10,0,0,0,1
2.63,1220,18,0,1,1,0,0,0,0,6,10,5,6,0,1,1,1
3.2,949,17,0,1,0,0,0,0,1,4,4,4,4,0,1,0,0
3.43,1579,18,0,1,0,0,1,0,0,5,7,8,7,0,1,0,1
2.66,1293,20,0,1,1,0,0,0,0,6,6,9,5,0,0,0,1
3.3,1300,17,1,0,1,0,0,0,0,10,8,7,6,0,1,1,1
4.0,1404,18,0,1,0,0,1,0,0,9,7,6,7,0,1,1,1
3.48,1112,18,0,1,1,0,0,0,0,5,5,7,10,1,0,1,1
3.66,1219,20,0,1,0,1,0,0,0,7,7,5,7,1,0,1,1
2.0,1002,17,0,1,0,0,1,0,0,6,9,8,5,0,0,1,0
3.98,1108,24,0,1,0,0,1,0,0,7,4,3,5,0,1,3,1
3.11,1257,18,0,1,0,1,0,0,0,7,5,4,8,0,0,0,1
2.82,950,25,0,1,0,0,0,0,1,8,5,5,3,0,1,1,0
3.11,1104,21,0,1,0,0,0,1,0,1,7,8,4,0,0,1,0
2.46,1060,17,1,0,1,0,0,0,0,7,9,6,7,0,0,0,0
3.72,1221,17,0,1,0,0,0,0,1,6,2,9,3,0,1,2,1
3.03,1286,17,0,1,0,0,0,1,0,5,7,8,6,0,0,0,1
2.83,1311,18,1,0,0,0,1,0,0,8,5,5,6,0,0,0,0
3.12,1349,17,0,1,0,1,0,0,0,9,9,8,8,0,1,0,1
3.76,1405,17,1,0,0,0,0,0,1,8,6,6,6,0,1,0,1
3.27,1291,18,1,0,0,0,0,1,0,5,7,7,9,0,0,1,1
2.5,1483,17,1,0,0,1,0,0,0,4,6,8,7,0,0,1,0
3.43,1217,17,0,1,0,0,1,0,0,1,9,9,10,1,0,2,1
2.74,1174,18,1,0,0,1,0,0,0,7,10,7,4,0,1,2,0
2.12,1291,17,0,1,0,0,0,1,0,8,4,10,10,0,0,0,1
3.95,1167,18,0,1,0,0,0,1,0,6,5,7,6,0,0,1,1
3.43,1477,18,0,1,0,0,1,0,0,8,7,7,9,0,0,2,1
3.16,1369,18,1,0,0,1,0,0,0,4,5,6,9,0,1,0,1
3.03,1312,20,0,1,0,0,0,1,0,6,8,5,1,0,1,1,1
3.9,1219,18,0,1,1,0,0,0,0,6,9,7,7,0,1,2,1
4.0,1138,18,1,0,0,0,0,1,0,6,5,7,8,0,0,1,1
3.42,1305,18,0,1,0,1,0,0,0,9,5,7,9,0,1,0,1
2.69,1030,19,0,1,1,0,0,0,0,6,6,7,4,0,0,0,0
3.12,1430,20,1,0,1,0,0,0,0,6,7,7,8,0,0,1,1
3.42,1173,20,0,1,0,0,1,0,0,5,7,10,7,1,1,3,1
2.03,1245,18,1,0,1,0,0,0,0,9,2,5,7,0,0,0,0
3.37,1063,17,0,1,0,0,0,0,1,4,5,7,8,0,0,3,1
3.42,1308,17,0,1,0,0,0,1,0,5,6,6,9,0,1,0,1
3.86,1131,17,1,0,1,0,0,0,0,10,5,2,5,0,0,0,1
3.81,1297,22,1,0,0,1,0,0,0,7,1,6,7,0,0,1,1
3.26,1313,18,0,1,1,0,0,0,0,6,3,5,7,0,0,1,1
3.96,1102,19,0,1,1,0,0,0,0,7,4,6,6,0,0,0,1
4.0,1031,18,0,1,0,0,1,0,0,5,6,6,6,0,1,0,1
3.21,1429,19,1,0,0,0,0,1,0,6,6,7,7,0,0,2,1
3.41,1171,17,1,0,1,0,0,0,0,6,5,5,5,0,1,3,1
2.32,1233,17,1,0,1,0,0,0,0,7,8,6,8,0,0,0,0
2.47,1272,18,1,0,0,0,0,1,0,3,8,8,9,0,0,0,0
2.78,1011,18,0,1,0,0,0,0,1,7,7,5,5,0,0,2,0
2.98,1269,18,0,1,0,0,0,0,1,9,7,3,9,0,1,1,1
2.65,1214,20,1,0,0,0,0,1,0,6,5,7,5,1,0,0,0
3.18,1103,17,1,0,0,0,0,1,0,8,5,9,8,0,1,3,1
2.99,1026,18,0,1,0,0,1,0,0,7,3,8,9,0,0,0,0
3.74,1290,18,0,1,0,1,0,0,0,5,6,7,6,1,1,1,1
2.96,1369,17,0,1,0,0,1,0,0,4,8,9,5,0,1,1,1
2.06,1226,19,0,1,0,0,1,0,0,5,9,9,5,0,1,1,0
3.26,984,19,0,1,0,0,0,0,1,7,6,6,7,0,1,0,0
3.19,1041,19,0,1,0,1,0,0,0,6,7,7,10,0,0,1,1
2.77,1135,20,0,1,1,0,0,0,0,9,1,7,3,0,1,3,0
3.25,1434,19,0,1,0,0,0,1,0,8,6,6,7,0,0,1,1
2.66,1162,17,0,1,0,0,1,0,0,8,6,9,6,0,0,1,1
3.36,1129,19,0,1,0,1,0,0,0,7,9,6,6,0,0,0,1
4.0,948,18,0,1,0,0,0,0,1,5,7,5,6,0,0,2,1
2.3,1101,17,0,1,0,0,0,1,0,7,7,1,5,0,0,3,0
2.94,1015,17,0,1,1,0,0,0,0,7,7,5,9,0,0,2,1
2.86,1049,19,0,1,0,1,0,0,0,4,7,4,9,0,0,1,0
2.98,1217,19,1,0,0,0,1,0,0,9,10,6,7,0,0,3,1
3.71,1139,17,1,0,0,1,0,0,0,9,2,4,6,0,0,0,0
3.47,1454,19,0,1,0,0,0,0,1,4,7,8,6,0,1,1,1
3.62,1361,21,1,0,0,1,0,0,0,5,9,9,7,1,1,1,1
3.22,1108,17,0,1,0,0,1,0,0,5,3,6,10,0,1,1,1
2.54,1062,17,1,0,0,0,0,1,0,8,8,5,6,0,0,2,0
2.64,1407,19,0,1,0,1,0,0,0,7,5,7,5,1,0,1,1
3.57,1449,17,1,0,0,0,1,0,0,7,7,10,6,0,1,0,1
3.29,870,18,0,1,1,0,0,0,0,7,5,10,8,0,1,0,1
3.83,1213,17,0,1,1,0,0,0,0,4,8,4,5,0,1,0,1
3.35,1162,18,0,1,0,0,0,0,1,7,6,4,6,0,0,1,1
2.61,1297,19,0,1,0,0,0,1,0,6,8,3,7,0,0,0,0
2.94,1491,18,0,1,0,0,0,0,1,5,7,4,5,0,1,0,1
3.48,1127,19,0,1,0,0,1,0,0,3,5,7,3,0,0,1,0
3.56,890,20,1,0,0,0,0,0,1,7,8,5,4,0,0,2,0
3.63,1286,19,0,1,0,0,0,0,1,7,5,5,5,0,1,3,1
2.68,1408,18,1,0,0,0,0,1,0,3,7,9,6,0,1,3,0
2.6,1154,17,0,1,0,0,1,0,0,7,6,8,7,0,0,2,0
3.11,1094,18,0,1,0,0,0,0,1,7,8,3,8,0,0,0,1
3.92,1134,17,0,1,0,0,0,1,0,5,8,8,4,0,1,2,1
2.85,1327,19,1,0,0,1,0,0,0,7,6,8,8,0,0,0,1
3.43,1131,18,0,1,0,0,0,0,1,6,5,8,6,0,1,2,1
3.43,1249,18,0,1,0,0,1,0,0,7,4,5,3,0,1,1,1
3.58,1204,17,1,0,1,0,0,0,0,8,7,6,7,0,1,2,1
4.0,1188,19,1,0,1,0,0,0,0,8,5,3,9,0,1,1,1
3.98,1305,20,0,1,0,1,0,0,0,9,3,8,8,0,0,0,1
2.9,1128,18,1,0,0,0,0,1,0,7,4,5,6,1,0,1,0
2.15,1135,20,0,1,0,0,0,1,0,6,10,5,9,1,0,0,0
2.86,1319,17,0,1,1,0,0,0,0,5,5,5,7,0,0,3,1
3.24,1051,18,1,0,1,0,0,0,0,4,9,10,8,0,0,1,1
3.02,1067,20,1,0,0,0,0,0,1,7,6,5,3,0,0,1,0
4.0,1010,18,0,1,1,0,0,0,0,9,9,8,4,0,1,3,1
3.21,1327,23,0,1,0,0,0,0,1,6,9,6,8,0,0,1,1
3.53,1184,17,0,1,0,1,0,0,0,7,5,5,10,1,0,0,1
3.31,1002,17,0,1,0,0,1,0,0,5,3,4,7,0,0,0,0
3.03,1328,21,0,1,0,0,0,1,0,7,3,5,6,0,0,1,1
2.24,1116,17,0,1,0,0,0,0,1,9,5,6,5,0,0,2,0
3.16,1069,25,0,1,0,0,0,0,1,8,10,8,6,0,0,2,1
4.0,1170,23,0,1,0,0,0,0,1,3,6,6,9,0,0,3,1
2.58,1421,17,1,0,0,1,0,0,0,8,7,5,6,0,1,0,0
2.29,1140,18,0,1,0,0,0,0,1,8,9,5,9,0,1,0,0
4.0,1286,17,0,1,1,0,0,0,0,7,7,4,8,0,1,0,1
3.57,1309,18,0,1,0,1,0,0,0,8,7,4,10,0,0,2,1
3.29,1266,17,1,0,0,1,0,0,0,5,8,8,7,0,0,0,1
3.88,1390,17,0,1,0,1,0,0,0,7,7,5,6,0,0,0,1
2.78,1093,18,1,0,0,1,0,0,0,9,6,6,9,0,0,1,0
3.15,1043,18,1,0,0,1,0,0,0,9,5,5,5,0,0,1,0
3.68,1040,24,0,1,0,0,0,0,1,8,7,6,6,0,0,2,1
4.0,1178,19,0,1,0,0,0,0,1,5,9,7,3,0,1,1,1
2.62,1057,19,1,0,0,0,0,1,0,4,10,6,4,0,0,1,0
3.84,1222,18,1,0,1,0,0,0,0,7,7,7,10,0,0,1,1
3.39,1211,19,1,0,0,0,0,0,1,7,8,9,8,0,0,2,1
3.28,1352,18,0,1,0,0,0,0,1,6,7,5,4,0,0,0,1
3.2,1243,19,1,0,0,0,0,0,1,5,6,6,9,1,1,0,1
2.51,1137,25,1,0,1,0,0,0,0,7,8,8,5,0,0,0,0
3.68,1261,18,0,1,0,0,0,1,0,7,9,9,8,0,0,0,1
2.81,1045,18,1,0,1,0,0,0,0,7,5,4,8,0,0,2,0
2.66,1194,19,1,0,0,1,0,0,0,8,4,3,10,0,0,0,0
3.64,1247,21,1,0,0,0,0,0,1,6,5,6,5,0,0,3,1
3.59,1219,19,0,1,0,0,0,1,0,6,7,6,5,0,1,0,1
3.24,1262,17,1,0,0,1,0,0,0,9,8,8,1,0,1,2,1
3.74,1103,18,0,1,0,0,0,1,0,5,5,8,6,0,1,2,1
3.91,1372,17,1,0,0,0,0,1,0,6,2,6,8,1,0,1,1
3.85,1473,19,1,0,0,0,0,0,1,9,5,9,8,0,0,1,1
2.94,959,17,1,0,0,0,0,0,1,5,6,5,9,0,0,0,0
3.71,1017,20,1,0,1,0,0,0,0,6,4,7,7,0,1,1,1
3.31,1206,17,0,1,0,0,0,1,0,6,5,4,8,0,1,0,1
4.0,1161,17,1,0,0,0,0,0,1,3,8,6,7,0,1,1,1
3.14,1484,18,0,1,0,1,0,0,0,6,7,4,8,0,0,2,1
3.02,1232,19,0,1,1,0,0,0,0,4,7,4,5,0,0,0,1
2.89,1408,17,0,1,0,0,0,0,1,7,6,10,4,0,0,2,1
3.29,892,18,0,1,0,1,0,0,0,9,5,3,5,0,0,0,0
3.43,1322,18,1,0,0,0,0,1,0,2,6,6,7,0,0,1,1
3.44,1092,17,0,1,0,0,0,0,1,6,7,8,4,0,0,3,1
3.37,1090,17,1,0,0,0,0,0,1,7,4,10,5,0,1,1,0
3.54,1162,19,1,0,0,0,0,1,0,2,10,7,5,1,0,1,1
3.09,986,18,1,0,0,1,0,0,0,9,8,7,8,0,0,2,0
2.76,1266,17,1,0,0,0,0,0,1,7,5,7,8,0,0,3,0
2.72,1228,19,1,0,0,1,0,0,0,9,8,9,7,0,0,0,1
3.69,1239,24,1,0,0,0,0,0,1,5,9,7,7,0,1,1,1
3.44,1333,18,0,1,1,0,0,0,0,6,6,5,7,0,0,1,1
2.27,1427,18,1,0,0,0,0,0,1,6,6,9,6,1,0,0,0
3.75,1145,20,0,1,1,0,0,0,0,10,9,6,5,0,1,0,1
4.0,1271,23,1,0,0,0,0,0,1,9,10,3,10,0,0,0,1
2.84,1243,19,0,1,0,0,0,0,1,7,7,3,2,0,0,1,0
3.37,1256,18,1,0,0,0,0,1,0,7,4,6,5,0,1,2,1
2.96,1258,18,0,1,0,0,1,0,0,8,6,7,6,0,1,2,1
3.51,1438,19,0,1,0,0,1,0,0,10,9,8,8,0,0,1,1
2.62,1131,17,0,1,0,0,0,0,1,7,4,8,9,0,0,0,0
3.16,971,18,1,0,0,0,1,0,0,7,6,7,10,1,0,0,0
3.69,1095,19,0,1,1,0,0,0,0,6,7,9,6,0,1,0,1
3.82,1313,18,1,0,0,1,0,0,0,7,5,7,6,0,0,1,1
3.41,1203,18,0,1,0,0,0,0,1,5,9,4,7,1,1,0,1
3.03,1129,18,1,0,0,0,1,0,0,7,8,3,5,0,1,1,0
2.4,1038,17,1,0,1,0,0,0,0,4,10,9,4,0,1,3,0
2.82,1233,18,0,1,0,0,1,0,0,6,8,2,6,0,0,2,0
2.97,1296,19,0,1,0,0,0,0,1,8,5,6,8,0,0,2,1
2.85,1245,17,0,1,1,0,0,0,0,7,8,10,6,1,0,1,1
3.23,1162,17,1,0,0,0,1,0,0,6,8,7,7,1,1,0,1
3.03,1221,23,1,0,0,1,0,0,0,6,9,6,3,1,0,0,0
3.29,1221,17,1,0,0,0,1,0,0,9,5,3,7,0,0,2,1
3.8,1228,17,0,1,0,1,0,0,0,4,5,10,6,0,0,1,1
3.0,1022,23,0,1,0,0,0,1,0,4,4,9,4,1,0,1,0
2.51,1229,19,1,0,0,0,0,1,0,5,10,8,8,1,0,0,0
2.85,1133,18,0,1,1,0,0,0,0,6,8,6,10,0,0,1,1
3.49,1356,20,1,0,0,0,1,0,0,4,5,8,8,0,0,0,1
3.54,1219,17,0,1,0,0,1,0,0,8,7,6,9,0,0,0,1
3.4,1325,19,0,1,0,0,1,0,0,5,6,5,8,0,0,0,1
3.85,1154,18,1,0,1,0,0,0,0,7,5,8,8,0,1,1,1
3.11,1160,19,0,1,0,1,0,0,0,5,7,6,3,1,1,0,0
4.0,1424,18,1,0,0,0,1,0,0,6,7,8,6,1,0,0,1
3.61,1265,18,1,0,0,0,0,1,0,3,10,6,8,0,0,2,1
2.0,1092,18,0,1,1,0,0,0,0,9,5,7,8,0,1,1,0
4.0,1334,18,0,1,1,0,0,0,0,5,3,6,9,0,0,1,1
2.82,1120,19,0,1,1,0,0,0,0,4,4,6,4,0,0,1,0
2.68,1233,18,1,0,0,0,0,0,1,10,5,7,8,0,0,3,0
3.46,1475,18,1,0,0,0,0,0,1,8,6,10,4,0,0,0,1
2.33,985,18,1,0,0,0,1,0,0,8,4,8,6,1,0,0,0
2.85,1173,18,0,1,0,1,0,0,0,7,8,10,6,1,1,1,1
3.98,1261,19,0,1,1,0,0,0,0,6,4,6,8,0,1,0,1
3.48,1314,19,1,0,0,0,0,1,0,4,7,6,8,0,0,1,1
3.61,1013,18,1,0,1,0,0,0,0,6,10,4,7,1,0,1,1
2.87,969,21,1,0,0,0,1,0,0,5,8,10,2,0,0,3,0
2.43,1363,19,1,0,1,0,0,0,0,5,7,5,7,0,0,2,0
3.55,1091,18,1,0,0,0,0,0,1,3,10,10,6,0,0,3,1
3.67,1085,18,0,1,0,0,1,0,0,7,9,4,9,0,0,0,1
3.64,1432,21,0,1,0,0,0,1,0,10,8,8,9,0,1,2,1
3.3,1210,18,1,0,0,0,0,1,0,8,6,3,5,0,0,0,0
2.72,1211,19,0,1,0,0,0,1,0,6,6,6,8,1,1,1,1
4.0,1173,18,1,0,0,0,1,0,0,6,6,7,8,0,0,2,1
3.44,1016,18,1,0,0,0,0,1,0,1,6,5,8,1,0,0,0
3.11,1301,17,1,0,0,1,0,0,0,6,7,6,7,1,0,1,1
3.12,1261,18,0,1,0,0,0,0,1,4,7,6,8,0,0,0,1
3.27,1225,23,1,0,0,0,0,0,1,7,4,8,10,0,1,0,1
3.73,1182,18,1,0,0,0,1,0,0,6,10,2,5,0,0,3,1
3.29,1156,18,1,0,1,0,0,0,0,5,7,5,5,0,0,0,1
3.63,1336,22,0,1,1,0,0,0,0,7,6,9,8,0,0,0,1
3.28,1178,18,0,1,0,0,0,1,0,7,7,8,3,0,0,1,1
3.14,1190,18,0,1,0,0,0,1,0,10,8,9,8,0,0,2,1
3.52,1279,19,0,1,1,0,0,0,0,8,4,8,7,0,0,0,1
3.5,1231,19,1,0,0,0,1,0,0,7,6,4,2,1,1,0,0
3.12,1446,17,0,1,0,0,1,0,0,5,4,8,5,0,1,2,1
2.83,935,18,0,1,1,0,0,0,0,4,10,7,10,0,0,0,1
3.37,1244,18,0,1,0,1,0,0,0,8,7,10,4,0,0,0,1
3.24,1094,18,1,0,0,0,0,0,1,6,4,8,7,0,0,2,0
2.92,1058,18,0,1,1,0,0,0,0,7,10,8,4,0,0,1,1
2.78,1131,18,0,1,1,0,0,0,0,8,5,8,5,0,1,2,1
3.41,1208,17,0,1,0,0,0,1,0,3,6,7,10,0,1,0,1
3.48,1214,18,0,1,0,1,0,0,0,9,6,7,7,0,0,3,1
3.02,972,17,1,0,0,0,0,1,0,8,5,6,8,0,0,3,0
2.91,1118,18,0,1,0,0,0,0,1,2,7,8,6,0,1,0,0
2.78,1242,20,0,1,0,1,0,0,0,10,2,8,3,0,1,0,0
3.39,1068,19,1,0,0,1,0,0,0,7,9,9,4,0,0,3,1
2.8,1032,18,0,1,0,0,0,0,1,6,4,8,9,1,0,1,0
4.0,861,17,0,1,0,0,0,1,0,8,6,10,7,0,0,1,1
2.99,1100,17,1,0,0,0,0,0,1,5,8,9,5,1,1,1,0
2.0,1027,18,1,0,0,1,0,0,0,8,6,8,6,0,0,2,0
3.18,1052,17,0,1,0,0,0,0,1,5,6,4,8,0,1,2,0
3.16,1159,18,0,1,0,0,1,0,0,10,4,4,7,0,0,0,1
3.76,1110,17,0,1,0,0,0,0,1,7,10,6,5,0,0,0,1
3.34,1025,19,1,0,0,1,0,0,0,8,8,7,3,0,0,2,0
2.78,882,18,1,0,0,1,0,0,0,5,4,9,6,1,1,2,0
3.06,1245,17,1,0,0,0,1,0,0,8,7,1,9,0,0,1,0
3.36,1312,19,1,0,0,0,1,0,0,6,4,4,8,1,1,3,1
2.12,1140,18,1,0,0,0,1,0,0,4,10,6,7,0,0,2,0
3.87,1160,17,1,0,0,0,0,0,1,6,7,5,6,0,1,0,1
2.78,1200,18,0,1,1,0,0,0,0,10,5,5,5,1,1,2,1
3.91,1436,18,1,0,0,0,1,0,0,8,8,6,6,0,0,1,1
3.4,964,19,1,0,0,1,0,0,0,6,6,5,8,0,1,0,0
3.51,1137,17,0,1,0,0,0,0,1,3,4,5,9,1,0,0,1
3.77,941,18,1,0,0,1,0,0,0,5,7,9,6,0,0,2,0
3.49,1254,17,1,0,0,0,0,0,1,4,7,8,10,0,0,3,1
3.54,1178,17,1,0,0,1,0,0,0,3,9,8,7,1,1,0,1
3.12,1230,20,0,1,0,0,0,0,1,8,7,6,6,0,1,0,1
3.39,1222,19,1,0,0,1,0,0,0,7,7,9,9,1,0,1,1
2.91,1348,18,0,1,0,0,1,0,0,10,7,8,2,0,1,2,1
3.03,1280,18,1,0,0,0,0,0,1,5,10,8,7,0,0,2,1
4.0,1324,17,0,1,1,0,0,0,0,6,6,5,6,0,1,1,1
2.8,1040,20,0,1,0,0,0,1,0,4,7,6,9,0,0,1,0
3.28,1378,17,1,0,0,0,1,0,0,5,8,9,8,0,0,0,1
3.26,1091,17,1,0,0,0,1,0,0,6,7,5,7,0,0,1,0
3.04,1100,18,1,0,0,0,0,0,1,6,6,4,8,0,0,0,0
3.46,1240,18,1,0,0,0,0,0,1,7,7,5,4,0,0,2,1
3.49,1245,18,1,0,0,0,0,0,1,8,6,10,8,0,0,0,1
2.74,1039,17,1,0,0,0,0,1,0,8,10,5,4,0,0,1,0
3.25,1174,18,1,0,0,0,0,1,0,5,6,7,7,0,1,0,0
2.66,1423,18,1,0,0,1,0,0,0,6,5,5,7,0,0,1,0
3.59,979,17,0,1,0,0,0,1,0,8,6,8,3,0,1,0,1
3.29,1422,20,1,0,0,1,0,0,0,9,6,8,7,0,0,0,1
3.24,1163,17,0,1,0,1,0,0,0,5,7,4,7,0,0,0,1
3.53,849,18,1,0,0,0,1,0,0,8,6,7,5,0,0,2,0
3.06,994,18,1,0,0,0,0,1,0,7,7,3,4,0,1,0,0
3.66,1055,17,1,0,1,0,0,0,0,4,7,5,7,0,1,2,1
2.73,1106,18,0,1,1,0,0,0,0,8,8,6,7,0,0,1,1
3.91,1184,19,1,0,0,0,0,0,1,7,7,10,7,1,0,1,1
2.92,800,17,1,0,1,0,0,0,0,3,7,7,7,1,0,1,0
